
INSERT INTO `sdgl_members_nearby_locations` (`id`, `title`, `display_order`)
VALUES
	(1,'Aberdeen',1),
	(2,'Brookings',2),
	(3,'Flandreau',3),
	(4,'Madison',4),
	(5,'Milbank',5),
	(6,'Watertown',6);


INSERT INTO `sdgl_members_categories` (`id`, `title`, `url_slug`, `display_order`, `is_attraction`)
VALUES
	(1,'Outdoors','outdoors',1,1),
	(2,'Family','family',2,1),
	(3,'Shopping','shopping',3,1),
	(4,'Gaming & Sports','gaming-and-sports',4,1),
	(5,'Eating & Drinking','eating-and-drinking',5,1),
	(6,'Arts & Culture','arts-and-culture',6,1),
	(7,'Where to Stay','where-to-stay',7,0),
	(8,'Travel Services','travel-services',8,0),
	(9,'Counties','counties',9,0);

INSERT INTO `sdgl_members_subcategories` (`id`, `category_id`, `title`, `display_order`)
VALUES
	(1,1,'Hunting',1),
	(2,1,'Fishing',2),
	(3,1,'Camping',3),
	(4,1,'State Parks',4),
	(5,1,'Hiking',5),
	(6,1,'Snowmobiling',6),
	(7,1,'Trail-Riding',7),
	(8,1,'Bird Watching & Wildlife',8),
	(9,1,'Biking',9),
	(10,2,'Zoo',1),
	(11,2,'Amusement Parks',2),
	(12,2,'Swimming',3),
	(13,2,'Movie Theaters',4),
	(14,3,'Antiques',1),
	(15,3,'Fireworks',2),
	(16,3,'Hardware',3),
	(17,3,'Retail',4),
	(18,3,'Gifts & Souvenirs',5),
	(19,4,'Golf',1),
	(20,4,'Casinos',2),
	(21,4,'Rodeos',3),
	(22,4,'Racing',4),
	(23,5,'Vineyards',1),
	(24,5,'Restaurants',2),
	(25,5,'Quick Meals',3),
	(26,5,'Bars & Pubs',4),
	(27,5,'Coffee',5),
	(28,5,'Desserts & Treats',6),
	(29,6,'Festivals',1),
	(30,6,'Fairs',2),
	(31,6,'Museums',3),
	(32,6,'Music',4),
	(33,6,'Theater & Plays',5),
	(34,7,'Hotels & Motels',1),
	(35,7,'Resorts',2),
	(36,7,'Lodges',3),
	(37,7,'Bed & Breakfast',4),
	(38,7,'Campgrounds',5),
	(39,7,'Retreats',6),
	(40,8,'Financial & ATMs',1),
	(41,8,'Automotive',2),
	(42,8,'Radio & Newspaper',3),
	(43,8,'Grocery',4),
	(44,8,'Gas & Convenience Stores',5),
	(45,8,'Healthcare',6),
	(46,8,'Realtors',7),
	(47,8,'Recreational, Marine & RV Dealers',8),
	(48,9,'Beadle County',1),
	(49,9,'Brookings County',2),
	(50,9,'Brown County',3),
	(51,9,'Clark County',4),
	(52,9,'Codington County',5),
	(53,9,'Day County',6),
	(54,9,'Deuel County',7);

INSERT INTO `sdgl_members_locations` (`id`, `title`, `url_slug`, `description`, `thumbnail_photo_fID`, `latitude`, `longitude`, `address_street`, `address_city`, `address_state`, `address_zip`, `phone`, `email`, `website_url`, `is_active`)
VALUES
	(1,'Bitter Lake Lodge','bitter-lake-lodge','<p>Full service resort on Bitter Lake featuring a campground with 31 sites, bath house, WiFi and a protected boat landing.  Bait Shop offers C-Store, bait, tackle, licenses and video lottery.  Family friendly dining area with lounge offering an array of burgers, steaks, chicken, seafood, and kids menu. One mile south of Waubay.</p>',NULL,'45.4395129','-97.29540320000001','14307 446th St','Waubay','SD',NULL,'605-947-5005',NULL,'www.bitterlakelodge.com',1),
	(2,'Bur Oak Lodge','bur-oak-lodge','<p>FOR SALE - Built in 1999, and totally renovated as a Family Lodge with separate living quarters. Business zoning with year around highway access. Check out business potential as Bed &amp; Breakfast, convenience store, or create separate rental areas.</p>\n<p>Contact Russ at Haugan Nelson Realty at 605-881-8078. See Photo Tour and Owner write-up of history of Lodge on <a href=\"http://www.haugannelson.com\">www.haugannelson.com</a>, MLS# 30-3402.</p>',NULL,'45.4395129','-97.29540320000001','13476 446th Ave','Waubay','SD',NULL,'(605) 881-8078',NULL,NULL,1),
	(3,'Dakota Line Lodge','dakota-line-lodge','<p>Nestled in the heart of waterfowl country, Dakota Line Lodge offers a complete vacation experience you will never forget. Roberts County encompasses thousands of acres of public land loaded with pheasants and waterfowl most within minutes of our lodge. We also have the power to help you access certain private properties if you wish. You can take advantage of this amazing opportunity on your own, or if you’d prefer we can set you up with a knowledgeable guide to optimize your hunting experience.</p>\n<p>And if the hunting opportunities aren’t already too good to be true, wait until you experience our accommodations. Newly remodeled by June of 2014, Dakota Line Lodge is truly a home away from home. Amenities include spacious sleeping quarters all with their own bathroom on-suites, kitchen, dining room, and living room spaces, washer and dryer units, separate cleaning station, dog kennels, and much more. Dakota Line Lodge is also fully landscaped offering a large patio with fire pit perfect for gathering around after a long day’s hunt. Lawn games are also available for your enjoyment. Its country setting provides complete privacy for those looking for a quiet evening with friends, or if you’re looking for a more lively night life, the Dakota Magic Casino is located just minutes away with a variety of entertainment options for you to choose from at your convenience.</p>\n<p>So what are you waiting for? Give your group the experience they deserve and book your stay now at Dakota Line Lodge, Victor, SD.</p>',NULL,NULL,NULL,NULL,'Victor','SD',NULL,'605-652-4628','dakotalinelodgellc@hotmail.com','http://www.dakotalinelodgellc.com',1),
	(4,'Double P Ranch Lodge','double-p-ranch-lodge','<p>Make Double P Ranch Lodge your home base for your next South Dakota fishing trip. Located only minutes away from Dry Lake (Clark). The new upscale affordable lodge offers full kitchen facilities, satellite TV, pool table, game cleaning room with freezer, fire pit, grills and much more. Several excellent lakes are located within short drive from the lodge. Visit our website www.doublepranch.com or Facebook page for recent catches.</p>',NULL,'44.7319272','-97.6903859','42617 183rd St.','Clark','SD','57225','(651) 357-2764',NULL,NULL,1),
	(5,'Fish Hunter Guide Service','fish-hunter-guide-service','<p>Fish Hunter Guide Service is a father/son guide service with over 10 years\' experience.  We customize your fishing trip on 40 local lakes, specializing in walleye, smallmouth, pike and panfish.  Just a short drive from Webster or Sisseton.  </p>',NULL,'28.9422041','-81.9286801','11624 Hwy 25','Lake City','SD',NULL,'(605) 448-5751',NULL,'www.fishhunterguideservice.com',1),
	(6,'Grenville Sports Mart & Waubay Lake Lodging','grenville-sports-mart--waubay-lake-lodging','<p>On the NW Corner of Waubay Lake, good walleye, northern and perch fishing.  State boat ramp located south of Grenville.  Bait, tackle, groceries, beer, ice, gas, deli, and fishing &amp; hunting licenses.  Lodging available - five fully furnished houses. </p>',NULL,NULL,NULL,NULL,'Grenville','SD','57239','(605) 486-4641',NULL,NULL,1),
	(7,'Lester\'s Gun & Pawn Shop LLC','lesters-gun--pawn-shop-llc','<p>1902 5th St. SE (S. Hwy. 81), Watertown, SD 57201, (605) 882-4687.  The complete gun shop specializing in repair and refinishing new and used guns.  Expertise on all make and model rifles, shotguns, pistols.  Towing and locked cars service.  Over 30 years in business.  Lester Fairchild, owner and manager. </p>',NULL,'44.8771481','-97.10875829999999','1902 5th St. SE (S. Hwy. 81)','Watertown','SD','57201','(605) 882-4687',NULL,NULL,1);

INSERT INTO `sdgl_members_location_subcategories` (`location_id`, `subcategory_id`)
VALUES
	(1,1),
	(1,2),
	(1,35),
	(1,36),
	(2,1),
	(2,2),
	(2,35),
	(2,36),
	(3,1),
	(3,2),
	(3,36),
	(4,2),
	(4,36),
	(5,2),
	(6,1),
	(6,2),
	(6,36),
	(6,44),
	(7,1);
